Job_ID,Title,Skills,Experience_Years,Domain,Job_Description,Similarity_Score,Rank,Resume_ID
J001,Chuyên viên phân tích dữ liệu,SQL; Python; Pandas; Excel; Power BI,1,Phân tích dữ liệu,"Phân tích dữ liệu bán hàng và khách hàng bằng SQL, Python và Pandas. Làm sạch dữ liệu, xây dựng bảng điều khiển Power BI và báo cáo Excel, giải thích xu hướng kinh doanh.",0.7817598407943983,1,CV001
J002,Chuyên viên phân tích dữ liệu kinh doanh,SQL; Power BI; Tableau; Excel; DAX,2,Phân tích dữ liệu,"Xây dựng bảng điều khiển phân tích kinh doanh và báo cáo bán hàng bằng Power BI, DAX và SQL. Xác định chỉ số KPI và trình bày kết quả phân tích cho các bộ phận liên quan.",0.5435089660744534,2,CV001
J003,Nhà khoa học dữ liệu,Python; Pandas; SQL; Thống kê; Scikit-learn,2,Trí tuệ nhân tạo,"Khám phá dữ liệu khách hàng bằng Python và Pandas. Áp dụng phương pháp thống kê, huấn luyện mô hình học máy dự đoán khách hàng rời bỏ dịch vụ và đo lường kết quả thử nghiệm.",0.15908693984070305,3,CV001
J004,Kỹ sư dữ liệu,Python; SQL; Spark; Airflow; ETL,2,Kỹ thuật dữ liệu,"Phát triển quy trình trích xuất, biến đổi và nạp dữ liệu ETL bằng Python, SQL, Spark và Airflow. Duy trì kho dữ liệu và cung cấp dữ liệu sạch cho hoạt động phân tích và học máy.",0.1284657633953878,4,CV001
J018,Chuyên viên phân tích an ninh mạng,Python; Linux; SIEM; Mạng máy tính; Bảo mật,2,An ninh mạng,"Điều tra cảnh báo bảo mật trên hệ thống SIEM, kiểm tra lưu lượng mạng và nhật ký Linux. Tự động hóa phân tích sự cố bằng Python và đánh giá lỗ hổng của hệ thống.",0.11180650508849747,5,CV001
J009,Lập trình viên Backend Python,Python; FastAPI; Django; PostgreSQL; REST API,2,Phát triển phần mềm,"Phát triển dịch vụ REST API bằng Python, FastAPI và Django. Thiết kế cơ sở dữ liệu PostgreSQL, triển khai chức năng xác thực người dùng và viết kiểm thử đơn vị cho hệ thống phía máy chủ.",0.6415683291796607,1,CV002
J011,Lập trình viên Backend Node.js,JavaScript; TypeScript; Node.js; Express; PostgreSQL,1,Phát triển phần mềm,"Xây dựng dịch vụ REST API phía máy chủ bằng Node.js, TypeScript và Express. Triển khai chức năng xác thực người dùng và duy trì cơ sở dữ liệu PostgreSQL.",0.3663625922035498,2,CV002
J020,Lập trình viên Backend .NET,C#; .NET; ASP.NET; SQL Server; REST API,2,Phát triển phần mềm,"Phát triển dịch vụ REST API phía máy chủ bằng C# và ASP.NET Core. Thiết kế cơ sở dữ liệu SQL Server, triển khai xác thực người dùng và bảo trì ứng dụng doanh nghiệp.",0.3592772517858465,3,CV002
J013,Lập trình viên Full Stack,TypeScript; React; Node.js; PostgreSQL; REST API,3,Phát triển phần mềm,Phát triển giao diện web React và dịch vụ phía máy chủ Node.js bằng TypeScript. Thiết kế cấu trúc cơ sở dữ liệu PostgreSQL và tích hợp REST API xuyên suốt ứng dụng.,0.30903126104564266,4,CV002
J010,Lập trình viên Backend Java,Java; Spring Boot; PostgreSQL; REST API; Docker,2,Phát triển phần mềm,Phát triển các vi dịch vụ phía máy chủ và REST API bằng Java và Spring Boot. Tối ưu truy vấn PostgreSQL và triển khai dịch vụ bằng Docker.,0.2973353937408708,5,CV002
J007,Kỹ sư xử lý ngôn ngữ tự nhiên,Python; Xử lý ngôn ngữ tự nhiên (NLP); Transformers; PyTorch; Phân loại văn bản,2,Trí tuệ nhân tạo,"Xử lý văn bản và xây dựng mô hình xử lý ngôn ngữ tự nhiên để phân loại văn bản, tìm kiếm ngữ nghĩa và tạo véc-tơ biểu diễn tài liệu bằng Python, Transformers và PyTorch.",0.6378317164817042,1,CV003
J005,Kỹ sư trí tuệ nhân tạo,Python; PyTorch; Transformers; Xử lý ngôn ngữ tự nhiên (NLP); FastAPI,2,Trí tuệ nhân tạo,"Xây dựng ứng dụng xử lý ngôn ngữ tự nhiên bằng Transformers và PyTorch. Phát triển mô hình tìm kiếm ngữ nghĩa và hệ gợi ý, cung cấp dịch vụ dự đoán của mô hình học máy thông qua FastAPI.",0.632339916183092,2,CV003
J006,Kỹ sư học máy,Python; Scikit-learn; PyTorch; Docker; MLflow,3,Trí tuệ nhân tạo,"Huấn luyện và triển khai mô hình học máy bằng Python, Scikit-learn và PyTorch. Theo dõi thử nghiệm bằng MLflow và đóng gói dịch vụ suy luận bằng Docker.",0.21640299012322423,3,CV003
J008,Kỹ sư thị giác máy tính,Python; PyTorch; OpenCV; Học sâu; CNN,2,Trí tuệ nhân tạo,Xây dựng hệ thống phân loại ảnh và phát hiện đối tượng. Chuẩn bị dữ liệu hình ảnh bằng OpenCV và huấn luyện mô hình học sâu sử dụng mạng nơ-ron tích chập CNN bằng PyTorch.,0.2093793938606216,4,CV003
J003,Nhà khoa học dữ liệu,Python; Pandas; SQL; Thống kê; Scikit-learn,2,Trí tuệ nhân tạo,"Khám phá dữ liệu khách hàng bằng Python và Pandas. Áp dụng phương pháp thống kê, huấn luyện mô hình học máy dự đoán khách hàng rời bỏ dịch vụ và đo lường kết quả thử nghiệm.",0.16303376717227633,5,CV003
