Job_ID,Title,Skills,Experience_Years,Domain,Job_Description
J001,Data Analyst,SQL; Python; Pandas; Excel; Power BI,1,Data Analytics,"Analyze sales and customer data using SQL and Python Pandas. Clean datasets, build Power BI dashboards and Excel reports, explain business trends."
J002,Business Intelligence Analyst,SQL; Power BI; Tableau; Excel; DAX,2,Data Analytics,"Build business intelligence dashboards and sales reports with Power BI, DAX and SQL. Define business KPIs and communicate insights to stakeholders."
J003,Data Scientist,Python; Pandas; SQL; Statistics; Scikit-learn,2,Artificial Intelligence,"Explore customer data with Python and Pandas. Apply statistics, train machine learning models for churn prediction and measure experiments."
J004,Data Engineer,Python; SQL; Spark; Airflow; ETL,2,Data Engineering,"Develop ETL pipelines using Python, SQL, Spark and Airflow. Maintain a data warehouse and provide clean datasets for analytics and machine learning."
J005,AI Engineer,Python; PyTorch; Transformers; NLP; FastAPI,2,Artificial Intelligence,"Build NLP applications using Transformers and PyTorch. Create semantic search and recommendation models, serve machine learning predictions through FastAPI."
J006,Machine Learning Engineer,Python; Scikit-learn; PyTorch; Docker; MLflow,3,Artificial Intelligence,"Train and deploy machine learning models with Python, Scikit-learn and PyTorch. Track experiments using MLflow and package inference services with Docker."
J007,NLP Engineer,Python; NLP; Transformers; PyTorch; Text Classification,2,Artificial Intelligence,"Process text and build NLP models for text classification, semantic search and document embeddings using Python, Transformers and PyTorch."
J008,Computer Vision Engineer,Python; PyTorch; OpenCV; Deep Learning; CNN,2,Artificial Intelligence,Build image classification and object detection systems. Prepare image datasets with OpenCV and train deep learning CNN models with PyTorch.
J009,Python Backend Developer,Python; FastAPI; Django; PostgreSQL; REST API,2,Software Development,"Develop REST API services with Python, FastAPI and Django. Design PostgreSQL databases, implement authentication and write backend unit tests."
J010,Java Backend Developer,Java; Spring Boot; PostgreSQL; REST API; Docker,2,Software Development,Develop backend microservices and REST API endpoints with Java and Spring Boot. Optimize PostgreSQL queries and deploy services using Docker.
J011,Node.js Backend Developer,JavaScript; TypeScript; Node.js; Express; PostgreSQL,1,Software Development,"Build backend REST API services using Node.js, TypeScript and Express. Implement authentication and maintain PostgreSQL databases."
J012,Frontend Developer,JavaScript; TypeScript; React; HTML; CSS,1,Software Development,"Build responsive web interfaces using React, TypeScript, HTML and CSS. Integrate REST API endpoints and improve browser accessibility."
J013,Full Stack Developer,TypeScript; React; Node.js; PostgreSQL; REST API,3,Software Development,Develop React web interfaces and Node.js backend services using TypeScript. Design PostgreSQL schemas and integrate REST API endpoints end to end.
J014,Mobile Developer,Dart; Flutter; Firebase; REST API; Android,1,Mobile Development,"Build Android and iOS mobile applications using Flutter and Dart. Integrate Firebase authentication, push notifications and REST API services."
J015,DevOps Engineer,Linux; Docker; Kubernetes; CI/CD; AWS,2,Cloud Infrastructure,"Automate CI/CD pipelines, containerize services with Docker and operate Kubernetes clusters on AWS. Monitor Linux servers and deployment reliability."
J016,Cloud Engineer,AWS; Terraform; Linux; Docker; Networking,3,Cloud Infrastructure,"Provision AWS cloud infrastructure with Terraform. Configure Linux servers, networking and Docker workloads, improve availability and cloud costs."
J017,QA Automation Engineer,Python; Selenium; Pytest; API Testing; CI/CD,1,Quality Assurance,Write automated browser tests with Selenium and Python Pytest. Perform API testing and integrate regression tests into CI/CD pipelines.
J018,Cybersecurity Analyst,Python; Linux; SIEM; Networking; Security,2,Cybersecurity,"Investigate security alerts in SIEM, inspect network traffic and Linux logs. Automate incident analysis with Python and assess system vulnerabilities."
J019,Database Administrator,SQL; PostgreSQL; MySQL; Linux; Backup,3,Database Management,"Administer PostgreSQL and MySQL databases on Linux. Optimize SQL queries, configure replication and test backup and recovery procedures."
J020,.NET Backend Developer,C#; .NET; ASP.NET; SQL Server; REST API,2,Software Development,"Develop backend REST API services using C# and ASP.NET Core. Design SQL Server databases, implement authentication and maintain enterprise applications."
