Resume_ID,Job_ID,Title,Skills,Experience_Years,Domain,Job_Description,Similarity_Score,Rank
CV001,J001,Data Analyst,SQL; Python; Pandas; Excel; Power BI,1,Data Analytics,"Analyze sales and customer data using SQL and Python Pandas. Clean datasets, build Power BI dashboards and Excel reports, explain business trends.",0.6781417623666712,1
CV001,J002,Business Intelligence Analyst,SQL; Power BI; Tableau; Excel; DAX,2,Data Analytics,"Build business intelligence dashboards and sales reports with Power BI, DAX and SQL. Define business KPIs and communicate insights to stakeholders.",0.4044556842570583,2
CV001,J003,Data Scientist,Python; Pandas; SQL; Statistics; Scikit-learn,2,Artificial Intelligence,"Explore customer data with Python and Pandas. Apply statistics, train machine learning models for churn prediction and measure experiments.",0.18105193027251706,3
CV001,J004,Data Engineer,Python; SQL; Spark; Airflow; ETL,2,Data Engineering,"Develop ETL pipelines using Python, SQL, Spark and Airflow. Maintain a data warehouse and provide clean datasets for analytics and machine learning.",0.15800032092916966,4
CV001,J018,Cybersecurity Analyst,Python; Linux; SIEM; Networking; Security,2,Cybersecurity,"Investigate security alerts in SIEM, inspect network traffic and Linux logs. Automate incident analysis with Python and assess system vulnerabilities.",0.08315963875069224,5
CV002,J009,Python Backend Developer,Python; FastAPI; Django; PostgreSQL; REST API,2,Software Development,"Develop REST API services with Python, FastAPI and Django. Design PostgreSQL databases, implement authentication and write backend unit tests.",0.6857605673626137,1
CV002,J011,Node.js Backend Developer,JavaScript; TypeScript; Node.js; Express; PostgreSQL,1,Software Development,"Build backend REST API services using Node.js, TypeScript and Express. Implement authentication and maintain PostgreSQL databases.",0.3127503304818637,2
CV002,J020,.NET Backend Developer,C#; .NET; ASP.NET; SQL Server; REST API,2,Software Development,"Develop backend REST API services using C# and ASP.NET Core. Design SQL Server databases, implement authentication and maintain enterprise applications.",0.2688371145641347,3
CV002,J010,Java Backend Developer,Java; Spring Boot; PostgreSQL; REST API; Docker,2,Software Development,Develop backend microservices and REST API endpoints with Java and Spring Boot. Optimize PostgreSQL queries and deploy services using Docker.,0.23234709720279526,4
CV002,J013,Full Stack Developer,TypeScript; React; Node.js; PostgreSQL; REST API,3,Software Development,Develop React web interfaces and Node.js backend services using TypeScript. Design PostgreSQL schemas and integrate REST API endpoints end to end.,0.2005894723860044,5
CV003,J005,AI Engineer,Python; PyTorch; Transformers; NLP; FastAPI,2,Artificial Intelligence,"Build NLP applications using Transformers and PyTorch. Create semantic search and recommendation models, serve machine learning predictions through FastAPI.",0.4707112949155813,1
CV003,J007,NLP Engineer,Python; NLP; Transformers; PyTorch; Text Classification,2,Artificial Intelligence,"Process text and build NLP models for text classification, semantic search and document embeddings using Python, Transformers and PyTorch.",0.46563093392848204,2
CV003,J006,Machine Learning Engineer,Python; Scikit-learn; PyTorch; Docker; MLflow,3,Artificial Intelligence,"Train and deploy machine learning models with Python, Scikit-learn and PyTorch. Track experiments using MLflow and package inference services with Docker.",0.311436717512123,3
CV003,J008,Computer Vision Engineer,Python; PyTorch; OpenCV; Deep Learning; CNN,2,Artificial Intelligence,Build image classification and object detection systems. Prepare image datasets with OpenCV and train deep learning CNN models with PyTorch.,0.1695348927757038,4
CV003,J003,Data Scientist,Python; Pandas; SQL; Statistics; Scikit-learn,2,Artificial Intelligence,"Explore customer data with Python and Pandas. Apply statistics, train machine learning models for churn prediction and measure experiments.",0.14672359616873124,5
